{"stats":{"minecraft:mined":{"minecraft:stone_pressure_plate":1,"minecraft:mossy_cobblestone":23,"minecraft:jack_o_lantern":3,"minecraft:nether_bricks":1,"minecraft:grass_block":145,"minecraft:jungle_log":1,"minecraft:spruce_leaves":1,"minecraft:sandstone":2,"minecraft:spawner":81,"minecraft:mossy_cobblestone_stairs":2,"minecraft:polished_basalt":2,"minecraft:fire":1,"minecraft:andesite":14,"minecraft:nether_brick_stairs":4,"minecraft:gold_block":1,"minecraft:mossy_stone_brick_stairs":2,"minecraft:polished_deepslate":2,"minecraft:potatoes":73,"chococraft:gysahl_green":18,"minecraft:vine":54,"minecraft:iron_bars":15,"lucky:lucky_block":10,"minecraft:stone":61,"minecraft:crafting_table":5,"minecraft:torch":2,"minecraft:jungle_stairs":1,"minecraft:tall_grass":5,"minecraft:cobblestone":19,"minecraft:iron_door":3,"minecraft:wall_torch":3,"minecraft:birch_log":42,"minecraft:spruce_log":7,"minecraft:birch_leaves":3,"minecraft:tnt":1,"minecraft:grass":104,"minecraft:oak_log":24,"minecraft:dirt":210,"minecraft:cracked_stone_bricks":10,"minecraft:stone_bricks":10,"minecraft:mossy_stone_bricks":16,"minecraft:oak_leaves":10,"minecraft:fern":2},"minecraft:killed":{"minecraft:cave_spider":12,"minecraft:spider":18,"minecraft:skeleton":32,"minecraft:silverfish":4,"minecraft:turtle":2,"iceandfire:cyclops":1,"minecraft:creeper":8,"minecraft:zombie":89,"minecraft:stray":8,"cave_dweller:cave_dweller":1,"endofherobrine:sheep":5,"minecraft:wither_skeleton":6,"minecraft:enderman":1,"minecraft:cow":11,"chococraft:chocobo":1},"minecraft:used":{"minecraft:jack_o_lantern":5,"simplyswords:iron_claymore":233,"minecraft:iron_shovel":262,"minecraft:chest":6,"minecraft:shield":2,"minecraft:torch":321,"minecraft:dirt":414,"minecraft:nether_brick_stairs":6,"minecraft:mossy_cobblestone_stairs":1,"minecraft:iron_hoe":194,"minecraft:jungle_log":1,"simplyswords:diamond_greathammer":306,"minecraft:stone_bricks":40,"minecraft:rabbit_stew":3,"minecraft:furnace":1,"tombstone:gift":2,"minecraft:potato":274,"minecraft:cooked_beef":24,"minecraft:water_bucket":5,"minecraft:mossy_stone_bricks":4,"minecraft:birch_planks":2,"minecraft:stone_pickaxe":3,"minecraft:baked_potato":35,"minecraft:wooden_pickaxe":21,"minecraft:golden_apple":1,"minecraft:mossy_cobblestone":9,"minecraft:crafting_table":7,"minecraft:white_bed":1,"justhammers:iron_hammer":91,"tombstone:bag_of_seeds":1,"minecraft:apple":10,"minecraft:diamond_pickaxe":225,"minecraft:diamond_shovel":71,"minecraft:bread":3,"minecraft:iron_pickaxe":46,"minecraft:jungle_stairs":1,"minecraft:stone_axe":74,"minecraft:cobblestone":84,"minecraft:bucket":5,"chococraft:gysahl_green":9,"minecraft:bone_meal":64},"minecraft:custom":{"lootr:looted_stat":148,"minecraft:mob_kills":201,"minecraft:interact_with_crafting_table":24,"minecraft:eat_cake_slice":3,"minecraft:leave_game":3,"minecraft:time_since_death":19073,"minecraft:climb_one_cm":15688,"minecraft:sprint_one_cm":871122,"minecraft:walk_one_cm":678785,"minecraft:damage_blocked_by_shield":85,"minecraft:drop":168,"minecraft:talked_to_villager":8,"minecraft:play_time":238049,"minecraft:deaths":3,"minecraft:sneak_time":8489,"minecraft:walk_under_water_one_cm":2586,"minecraft:jump":2981,"minecraft:walk_on_water_one_cm":11913,"minecraft:total_world_time":238049,"minecraft:interact_with_furnace":12,"minecraft:sleep_in_bed":3,"minecraft:time_since_rest":18897,"minecraft:damage_taken":4627,"minecraft:damage_absorbed":38,"minecraft:damage_dealt":35711,"minecraft:player_kills":1,"minecraft:swim_one_cm":22324,"minecraft:fly_one_cm":581927,"minecraft:open_chest":14,"minecraft:crouch_one_cm":20501,"tombstone:undead_killed":135,"minecraft:fall_one_cm":60768},"minecraft:dropped":{"minecraft:nether_brick_stairs":9,"minecraft:enchanted_book":1,"minecraft:golden_boots":2,"minecraft:iron_sword":1,"minecraft:birch_planks":1,"chococraft:loverly_gysahl_green":2,"minecraft:wheat_seeds":6,"minecraft:golden_helmet":1,"chococraft:gold_gysahl":1,"minecraft:mossy_cobblestone":33,"minecraft:golden_horse_armor":1,"minecraft:pitcher_pod":3,"minecraft:iron_helmet":4,"minecraft:cobblestone":4,"minecraft:glow_berries":5,"minecraft:mossy_stone_brick_stairs":1,"minecraft:leather":1,"chococraft:gysahl_green_seeds":16,"minecraft:cracked_stone_bricks":15,"minecraft:activator_rail":3,"minecraft:quartz_pillar":4,"minecraft:chainmail_helmet":2,"minecraft:rail":28,"minecraft:item_frame":1,"minecraft:stick":1,"sophisticatedbackpacks:gold_backpack":1,"minecraft:dirt":9,"tombstone:bag_of_seeds":2,"chococraft:chocobo_drumstick_raw":1,"minecraft:seagrass":2,"minecraft:jack_o_lantern":14,"tombstone:grave_dust":6,"minecraft:iron_leggings":4,"minecraft:gold_nugget":1,"minecraft:pumpkin":9,"minecraft:iron_pickaxe":1,"minecraft:polished_basalt":4,"minecraft:chainmail_leggings":1,"minecraft:iron_shovel":1,"minecraft:string":3,"minecraft:spruce_sapling":1,"minecraft:polished_deepslate":2,"minecraft:bone":3,"minecraft:gravel":2,"minecraft:stone_axe":1,"minecraft:detector_rail":3,"minecraft:iron_nugget":5,"minecraft:golden_chestplate":2,"minecraft:bowl":5,"minecraft:jukebox":1,"minecraft:birch_sapling":1,"minecraft:raw_iron":1,"minecraft:deepslate_brick_slab":4,"minecraft:rotten_flesh":103,"minecraft:iron_boots":3,"minecraft:glowstone_dust":4,"minecraft:name_tag":1,"minecraft:cooked_mutton":1,"minecraft:chainmail_chestplate":4,"minecraft:tipped_arrow":1,"minecraft:shield":3,"minecraft:gunpowder":5,"minecraft:melon_seeds":2,"minecraft:stone_pressure_plate":2,"minecraft:skeleton_skull":1,"minecraft:iron_chestplate":4,"minecraft:andesite":1,"minecraft:beetroot_seeds":4,"minecraft:mossy_stone_bricks":14,"minecraft:quartz_stairs":2,"minecraft:leather_boots":3,"minecraft:golden_leggings":5,"minecraft:chainmail_boots":2,"minecraft:leather_leggings":4,"minecraft:stone_bricks":2,"minecraft:spider_eye":5,"minecraft:rabbit_stew":3,"minecraft:sandstone":4,"minecraft:iron_bars":17,"minecraft:arrow":10,"minecraft:powered_rail":1,"minecraft:wooden_pickaxe":1,"minecraft:netherrack":2,"simplyswords:iron_claymore":2},"minecraft:broken":{"minecraft:golden_helmet":1,"minecraft:iron_shovel":1,"minecraft:chainmail_helmet":1,"minecraft:iron_helmet":1},"minecraft:crafted":{"simplyswords:diamond_greathammer":1,"minecraft:iron_nugget":18,"minecraft:furnace":1,"minecraft:stone":52,"minecraft:iron_hoe":1,"minecraft:stone_pickaxe":1,"minecraft:chest":6,"minecraft:stone_bricks":52,"sophisticatedbackpacks:iron_backpack":2,"minecraft:cooked_beef":7,"minecraft:crafting_table":3,"simplyswords:iron_claymore":1,"minecraft:spruce_planks":4,"minecraft:wooden_pickaxe":1,"sophisticatedbackpacks:gold_backpack":2,"minecraft:birch_planks":48,"minecraft:stone_axe":1,"minecraft:air":0,"minecraft:jungle_planks":4,"justhammers:iron_hammer":1,"minecraft:white_wool":3,"minecraft:stick":40,"minecraft:iron_pickaxe":1,"minecraft:wooden_axe":1,"minecraft:stone_sword":1,"chococraft:chocobo_saddle":1,"minecraft:white_bed":1,"minecraft:torch":156},"minecraft:picked_up":{"minecraft:iron_chestplate":2,"sophisticatedbackpacks:gold_backpack":2,"minecraft:seagrass":2,"minecraft:crafting_table":5,"chococraft:loverly_gysahl_green":2,"iceandfire:witherbone":1,"minecraft:chainmail_boots":1,"minecraft:leather_leggings":4,"minecraft:rabbit_stew":6,"minecraft:diamond_sword":1,"minecraft:gold_block":1,"minecraft:enchanted_book":2,"minecraft:stone_brick_stairs":1,"minecraft:shield":1,"minecraft:polished_deepslate":2,"minecraft:string":27,"minecraft:iron_leggings":1,"minecraft:item_frame":1,"minecraft:activator_rail":3,"minecraft:cracked_stone_bricks":44,"minecraft:detector_rail":3,"minecraft:beef":18,"minecraft:quartz_stairs":2,"minecraft:birch_sapling":1,"minecraft:iron_boots":1,"minecraft:golden_helmet":2,"minecraft:tipped_arrow":3,"minecraft:raw_iron":15,"minecraft:sandstone":4,"minecraft:jukebox":1,"minecraft:torch":54,"minecraft:bowl":2,"minecraft:quartz_pillar":4,"tombstone:grave_dust":10,"minecraft:carrot":16,"minecraft:redstone":9,"minecraft:stone_pressure_plate":2,"minecraft:golden_chestplate":2,"minecraft:quartz_block":30,"minecraft:arrow":9,"minecraft:lime_carpet":3,"minecraft:rotten_flesh":125,"minecraft:beetroot_seeds":4,"minecraft:jungle_stairs":2,"minecraft:nether_bricks":2,"minecraft:diamond_boots":1,"minecraft:polished_basalt":4,"tombstone:scroll_of_aquatic_life":1,"minecraft:gold_ingot":8,"chococraft:chocobo_drumstick_raw":1,"minecraft:deepslate_brick_stairs":1,"minecraft:glow_berries":11,"minecraft:iron_bars":24,"minecraft:skeleton_skull":1,"minecraft:rail":33,"minecraft:cobblestone":163,"minecraft:birch_log":42,"minecraft:magma_block":3,"minecraft:golden_carrot":3,"minecraft:iron_door":2,"minecraft:andesite":14,"minecraft:jungle_log":4,"minecraft:leather":12,"minecraft:golden_leggings":8,"minecraft:potato":269,"minecraft:birch_planks":39,"spelunkers_charm:old_miners_bundle":18,"simplyswords:iron_claymore":1,"minecraft:oak_log":24,"minecraft:chainmail_chestplate":3,"minecraft:golden_boots":3,"minecraft:nether_wart_block":1,"minecraft:gunpowder":13,"tombstone:voodoo_poppet":1,"minecraft:lapis_lazuli":11,"minecraft:dirt":359,"tombstone:gift":1,"minecraft:name_tag":1,"minecraft:leather_boots":3,"chococraft:chocobo_feather":1,"minecraft:bone":38,"chococraft:gysahl_green":52,"minecraft:stone_bricks":49,"minecraft:bow":1,"chococraft:gold_gysahl":1,"minecraft:wheat_seeds":20,"minecraft:deepslate_brick_slab":8,"minecraft:iron_ingot":15,"tombstone:bag_of_seeds":3,"minecraft:mossy_stone_bricks":84,"minecraft:diamond_helmet":1,"minecraft:glowstone_dust":4,"minecraft:mossy_stone_brick_stairs":1,"minecraft:powered_rail":1,"minecraft:pitcher_pod":3,"minecraft:iron_sword":1,"minecraft:pumpkin":9,"minecraft:chiseled_stone_bricks":2,"minecraft:poisonous_potato":14,"minecraft:gravel":2,"minecraft:nether_brick_stairs":24,"chococraft:gysahl_green_seeds":16,"minecraft:spruce_sapling":1,"minecraft:spruce_log":7,"minecraft:spider_eye":8,"minecraft:mossy_cobblestone":57,"artifacts:plastic_drinking_hat":1,"minecraft:bundle":1,"minecraft:diamond":4,"minecraft:chainmail_leggings":1,"minecraft:iron_helmet":4,"minecraft:bone_meal":64,"minecraft:melon_seeds":4,"minecraft:mossy_cobblestone_stairs":1,"minecraft:chainmail_helmet":3,"minecraft:golden_horse_armor":1,"minecraft:emerald":10,"tombstone:magic_scroll":5,"minecraft:baked_potato":30,"minecraft:jack_o_lantern":30,"minecraft:netherrack":2,"minecraft:coal":62},"minecraft:killed_by":{"minecraft:creeper":1,"minecraft:zombie":2}},"DataVersion":3465}