{"stats":{"minecraft:crafted":{"minecraft:cooked_beef":32,"minecraft:oak_planks":20,"minecraft:cooked_porkchop":10,"minecraft:crafting_table":2,"minecraft:wooden_pickaxe":1,"minecraft:cooked_chicken":5,"minecraft:furnace":1,"minecraft:bucket":1,"epicfight:stone_greatsword":1,"minecraft:stone_axe":1,"minecraft:air":0,"minecraft:flint_and_steel":1,"minecraft:stick":8,"minecraft:iron_ingot":4,"minecraft:stone_pickaxe":1,"minecraft:torch":12},"minecraft:mined":{"minecraft:candle":4,"minecraft:crafting_table":5,"minecraft:torch":2,"minecraft:grass_block":1,"minecraft:chest":4,"minecraft:tall_grass":4,"minecraft:deepslate_gold_ore":8,"minecraft:spawner":2,"minecraft:furnace":2,"minecraft:iron_ore":10,"minecraft:fire":1,"minecraft:sweet_berry_bush":4,"minecraft:andesite":1,"minecraft:deepslate_lapis_ore":8,"minecraft:deepslate_iron_ore":10,"minecraft:grass":7,"minecraft:oak_log":32,"minecraft:coal_ore":39,"minecraft:dirt_path":1,"minecraft:gravel":8,"minecraft:stone":46,"minecraft:gold_ore":4,"minecraft:deepslate":6},"minecraft:killed":{"born_in_chaos_v1:felsteed":1,"born_in_chaos_v1:mr_pumpkin":9,"minecraft:pig":8,"graveyard:ghoul":1,"born_in_chaos_v1:diamond_termite":1,"born_in_chaos_v1:skeleton_demoman":1,"born_in_chaos_v1:sir_the_headless":1,"minecraft:spider":1,"born_in_chaos_v1:maggot":2,"born_in_chaos_v1:pumpkinhead":1,"minecraft:sheep":2,"minecraft:skeleton":4,"born_in_chaos_v1:bloody_gadfly":1,"minecraft:zombie":8,"minecraft:chicken":5,"endofherobrine:sheep":29,"endofherobrine:cow":1,"minecraft:cow":12},"minecraft:broken":{"minecraft:leather_helmet":1},"minecraft:dropped":{"minecraft:sweet_berries":9,"minecraft:kelp":1,"minecraft:wheat_seeds":1,"minecraft:glass_bottle":1,"tombstone:gift":1,"minecraft:feather":5,"born_in_chaos_v1:cultivated_pumpkin":5,"minecraft:salmon":3,"minecraft:leather_helmet":2,"minecraft:stone":1,"epicfight:stone_greatsword":2,"minecraft:string":6,"epicfight:skillbook":1,"minecraft:bone":2},"minecraft:picked_up":{"born_in_chaos_v1:diamond_termite_shard":1,"minecraft:iron_chestplate":1,"born_in_chaos_v1:corpse_maggot":1,"minecraft:crafting_table":5,"minecraft:feather":5,"minecraft:salmon":3,"minecraft:chicken":5,"born_in_chaos_v1:pumpkin_staff":1,"minecraft:andesite":1,"minecraft:leather":24,"minecraft:oak_log":31,"minecraft:gunpowder":2,"minecraft:lapis_lazuli":40,"born_in_chaos_v1:holiday_candy":32,"minecraft:string":3,"minecraft:dirt":2,"artifacts:shock_pendant":1,"born_in_chaos_v1:intoxicating_decoction":1,"minecraft:bone":9,"born_in_chaos_v1:soul_cutlass":1,"minecraft:kelp":1,"minecraft:raw_gold":12,"minecraft:wheat_seeds":1,"minecraft:candle":13,"minecraft:cobbled_deepslate":4,"minecraft:iron_ingot":5,"minecraft:beef":29,"tombstone:bag_of_seeds":1,"minecraft:chest":4,"minecraft:iron_boots":1,"minecraft:furnace":2,"minecraft:raw_iron":17,"epicfight:stone_greatsword":1,"minecraft:sweet_berries":9,"minecraft:torch":3,"minecraft:gravel":2,"minecraft:porkchop":12,"minecraft:leather_helmet":1,"minecraft:rotten_flesh":15,"born_in_chaos_v1:supreme_measure":1,"minecraft:arrow":10,"born_in_chaos_v1:cultivated_pumpkin":7,"minecraft:mutton":5,"minecraft:coal":39,"minecraft:white_wool":2,"minecraft:cobblestone":41},"minecraft:used":{"epicfight:skillbook":4,"minecraft:flint_and_steel":6,"minecraft:stone_pickaxe":97,"born_in_chaos_v1:intoxicating_decoction":1,"minecraft:chest":4,"minecraft:wooden_pickaxe":19,"minecraft:cooked_chicken":5,"minecraft:torch":13,"man:manfromthefog_spawn_egg":1,"minecraft:dirt":2,"minecraft:crafting_table":6,"born_in_chaos_v1:cultivated_pumpkin":2,"born_in_chaos_v1:soul_cutlass":116,"minecraft:iron_pickaxe":34,"minecraft:bread":8,"epicfight:stone_greatsword":77,"minecraft:stone_axe":37,"minecraft:wooden_sword":6,"minecraft:furnace":2,"minecraft:cooked_porkchop":1,"minecraft:bucket":1,"minecraft:cooked_beef":2,"minecraft:candle":5},"minecraft:killed_by":{"minecraft:player":1,"born_in_chaos_v1:diamond_termite":1,"born_in_chaos_v1:sir_pumpkinhead":2,"artifacts:mimic":1,"minecraft:blaze":2,"born_in_chaos_v1:pumpkinhead":1,"minecraft:enderman":1,"themutantmobsmod:mutantstray":2,"endofherobrine:sheep":1,"born_in_chaos_v1:sir_pumpkinhead_without_horse":2},"minecraft:custom":{"minecraft:interact_with_furnace":13,"lootr:looted_stat":13,"minecraft:mob_kills":89,"minecraft:interact_with_crafting_table":9,"minecraft:damage_dealt_resisted":962,"minecraft:leave_game":2,"minecraft:time_since_death":1311,"minecraft:climb_one_cm":259,"minecraft:time_since_rest":645,"minecraft:sprint_one_cm":232851,"minecraft:damage_taken":4687,"minecraft:walk_one_cm":332775,"minecraft:drop":16,"minecraft:damage_dealt":13586,"minecraft:swim_one_cm":1627,"minecraft:fly_one_cm":516791,"minecraft:player_kills":2,"minecraft:open_chest":1,"minecraft:crouch_one_cm":8136,"minecraft:play_time":71444,"tombstone:undead_killed":14,"minecraft:deaths":15,"minecraft:sneak_time":2525,"minecraft:walk_under_water_one_cm":3248,"tombstone:tomb_raiding":1,"minecraft:jump":1311,"minecraft:walk_on_water_one_cm":28378,"minecraft:total_world_time":71444,"minecraft:fall_one_cm":39489}},"DataVersion":3465}