{"stats":{"minecraft:mined":{"minecraft:tuff":6,"iceandfire:silver_ore":1,"minecraft:jungle_leaves":1,"minecraft:jack_o_lantern":3,"minecraft:granite":24,"minecraft:grass_block":16,"minecraft:coal_block":2,"minecraft:sandstone":3,"minecraft:spawner":1,"minecraft:iron_ore":1,"minecraft:fire":3,"minecraft:andesite":15,"minecraft:diamond_block":1,"minecraft:polished_deepslate":2,"minecraft:bookshelf":25,"chococraft:gysahl_green":10,"minecraft:vine":15,"minecraft:iron_bars":7,"minecraft:quartz_slab":11,"lucky:lucky_block":31,"minecraft:stone":116,"minecraft:iron_block":1,"minecraft:quartz_block":3,"minecraft:crafting_table":1,"minecraft:torch":7,"minecraft:lectern":1,"minecraft:tall_grass":3,"minecraft:glass":1,"endofherobrine:glowing_obsidian":1,"minecraft:cobblestone":4,"minecraft:lapis_ore":1,"minecraft:diorite":1,"minecraft:iron_door":1,"minecraft:wall_torch":2,"minecraft:birch_planks":3,"minecraft:birch_log":21,"minecraft:birch_leaves":4,"minecraft:quartz_pillar":3,"minecraft:grass":11,"minecraft:coal_ore":19,"minecraft:oak_log":9,"minecraft:dirt":10,"minecraft:sand":1,"minecraft:cobweb":29,"minecraft:gold_ore":1,"minecraft:mossy_stone_bricks":1,"minecraft:deepslate":44,"minecraft:oak_leaves":12,"minecraft:fern":3},"minecraft:killed":{"minecraft:evoker":1,"minecraft:vex":3,"minecraft:cave_spider":2,"minecraft:spider":9,"minecraft:horse":1,"minecraft:skeleton":8,"artifacts:mimic":3,"minecraft:magma_cube":9,"minecraft:pig":1,"minecraft:creeper":2,"minecraft:sheep":6,"minecraft:zombie":13,"iceandfire:ghost":1,"minecraft:wither_skeleton":2,"endofherobrine:pigman":1,"minecraft:cow":13,"chococraft:chocobo":3},"minecraft:custom":{"lootr:looted_stat":77,"minecraft:mob_kills":79,"minecraft:animals_bred":1,"minecraft:interact_with_crafting_table":12,"minecraft:leave_game":4,"minecraft:time_since_death":51996,"minecraft:climb_one_cm":13492,"minecraft:sprint_one_cm":482152,"minecraft:walk_one_cm":268569,"minecraft:drop":108,"minecraft:talked_to_villager":11,"minecraft:play_time":134580,"minecraft:deaths":7,"minecraft:sneak_time":4396,"minecraft:walk_under_water_one_cm":10972,"minecraft:jump":2786,"minecraft:walk_on_water_one_cm":18905,"minecraft:total_world_time":134580,"tombstone:raider_killed":1,"minecraft:sleep_in_bed":4,"minecraft:time_since_rest":29323,"minecraft:damage_absorbed":146,"minecraft:damage_taken":65226,"minecraft:trigger_trapped_chest":1,"minecraft:damage_dealt":13919,"minecraft:swim_one_cm":12111,"minecraft:fly_one_cm":485574,"minecraft:open_chest":2,"minecraft:crouch_one_cm":16109,"tombstone:undead_killed":24,"minecraft:fall_one_cm":77372},"minecraft:dropped":{"minecraft:golden_boots":2,"minecraft:wheat_seeds":6,"minecraft:porkchop":1,"minecraft:golden_helmet":1,"minecraft:baked_potato":49,"minecraft:poisonous_potato":28,"minecraft:iron_helmet":2,"man:cassette_1safetyinstructions":1,"minecraft:apple":1,"minecraft:granite":12,"minecraft:cracked_stone_bricks":1,"minecraft:chainmail_helmet":1,"minecraft:rail":12,"minecraft:mushroom_stew":1,"minecraft:stick":4,"chococraft:chocobo_whistle":1,"minecraft:dirt":3,"minecraft:diorite":1,"minecraft:mutton":3,"minecraft:cooked_salmon":4,"tombstone:grave_dust":1,"minecraft:gold_nugget":1,"minecraft:pumpkin_pie":1,"minecraft:sugar":18,"minecraft:fishing_rod":1,"minecraft:gold_ingot":51,"minecraft:stone_axe":1,"tombstone:familiar_stone":1,"minecraft:lever":1,"minecraft:iron_nugget":6,"minecraft:golden_chestplate":2,"minecraft:detector_rail":4,"minecraft:bowl":1,"minecraft:tuff":1,"minecraft:wheat":1,"minecraft:ender_dragon_spawn_egg":1,"minecraft:rotten_flesh":5,"iceandfire:silver_ore":1,"minecraft:salmon":1,"minecraft:carrot":1,"minecraft:chainmail_chestplate":1,"minecraft:diamond_sword":2,"minecraft:rabbit_hide":5,"minecraft:leather_chestplate":1,"minecraft:potato":32,"minecraft:gunpowder":1,"minecraft:bundle":2,"iceandfire:silver_ingot":1,"minecraft:quartz_block":31,"minecraft:quartz_stairs":5,"minecraft:mossy_stone_bricks":3,"minecraft:leather_boots":1,"minecraft:golden_leggings":1,"minecraft:oak_sapling":1,"minecraft:chainmail_boots":1,"minecraft:chest":2,"minecraft:leather_leggings":1,"minecraft:sandstone":1,"minecraft:iron_bars":4,"minecraft:stone_pickaxe":1,"minecraft:beef":5,"minecraft:nether_quartz_ore":36,"minecraft:quartz":58,"chococraft:gysahl_green":2,"minecraft:brick":3,"minecraft:quartz_slab":10},"minecraft:used":{"minecraft:iron_bars":7,"minecraft:polished_deepslate":2,"minecraft:chest":1,"minecraft:rotten_flesh":2,"minecraft:player_head":1,"minecraft:torch":57,"minecraft:dirt":26,"iceandfire:pixie_dust":2,"minecraft:carrot":10,"minecraft:tuff":4,"minecraft:cyan_wool":1,"minecraft:quartz_pillar":1,"minecraft:quartz_slab":11,"minecraft:birch_sapling":1,"minecraft:quartz_block":10,"minecraft:stone_bricks":61,"minecraft:item_frame":1,"minecraft:golden_carrot":3,"minecraft:oak_sapling":1,"tombstone:gift":3,"minecraft:egg":5,"minecraft:cooked_beef":6,"lucky:lucky_potion":8,"minecraft:cooked_mutton":1,"minecraft:baked_potato":37,"minecraft:birch_planks":15,"minecraft:oak_planks":14,"minecraft:diamond_axe":165,"minecraft:gold_ore":1,"minecraft:cracked_stone_bricks":1,"minecraft:white_wool":2,"minecraft:golden_apple":2,"minecraft:mossy_cobblestone":1,"simplyswords:gold_rapier":1,"minecraft:crafting_table":5,"minecraft:white_bed":3,"minecraft:diamond_pickaxe":282,"chococraft:gysahl_green_seeds":7,"minecraft:jack_o_lantern":3,"minecraft:evoker_spawn_egg":1,"minecraft:cobblestone":50,"minecraft:diamond_sword":172,"minecraft:cooked_porkchop":1,"minecraft:melon":3,"chococraft:gysahl_green":7,"minecraft:experience_bottle":5,"minecraft:oak_fence":1},"minecraft:picked_up":{"minecraft:fishing_rod":1,"minecraft:iron_chestplate":3,"chococraft:loverly_gysahl_green":2,"minecraft:crafting_table":1,"minecraft:wheat":1,"minecraft:chainmail_boots":1,"artifacts:night_vision_goggles":1,"iceandfire:witherbone":1,"minecraft:rabbit_stew":1,"minecraft:leather_leggings":2,"minecraft:diamond_sword":3,"minecraft:cooked_rabbit":4,"minecraft:polished_deepslate":2,"minecraft:string":38,"lucky:lucky_potion":13,"minecraft:cooked_salmon":4,"minecraft:iron_leggings":2,"minecraft:item_frame":1,"minecraft:quartz_slab":21,"minecraft:cracked_stone_bricks":3,"minecraft:diamond_leggings":1,"minecraft:detector_rail":4,"minecraft:gold_nugget":1,"artifacts:aqua_dashers":1,"minecraft:beef":22,"minecraft:player_head":2,"minecraft:cyan_wool":1,"minecraft:lectern":1,"minecraft:coal_block":2,"minecraft:quartz_stairs":5,"minecraft:chest":1,"minecraft:birch_sapling":1,"minecraft:iron_boots":2,"minecraft:egg":5,"minecraft:raw_iron":1,"minecraft:stick":4,"minecraft:golden_helmet":1,"iceandfire:pixie_dust":2,"artifacts:universal_attractor":1,"minecraft:sandstone":1,"minecraft:stone":64,"minecraft:jukebox":1,"minecraft:oak_fence":1,"minecraft:torch":10,"minecraft:bowl":1,"iceandfire:silver_ore":1,"minecraft:porkchop":1,"minecraft:quartz_pillar":1,"minecraft:cookie":16,"tombstone:grave_dust":2,"minecraft:diorite":1,"minecraft:carrot":3,"minecraft:golden_chestplate":2,"minecraft:quartz_block":41,"minecraft:arrow":17,"minecraft:rotten_flesh":14,"minecraft:tropical_fish":5,"minecraft:pumpkin_pie":1,"minecraft:diamond_boots":1,"minecraft:hay_block":8,"minecraft:iron_block":1,"chococraft:chocobo_drumstick_cooked":2,"minecraft:gold_ingot":24,"minecraft:totem_of_undying":1,"chococraft:chocobo_drumstick_raw":2,"minecraft:mutton":13,"minecraft:obsidian":14,"minecraft:iron_bars":13,"minecraft:cobblestone":50,"minecraft:cod":6,"minecraft:rail":12,"minecraft:white_wool":6,"minecraft:birch_log":20,"minecraft:leather_chestplate":1,"minecraft:cooked_beef":10,"minecraft:andesite":15,"minecraft:salmon":10,"minecraft:leather":14,"minecraft:golden_leggings":1,"minecraft:potato":127,"minecraft:birch_planks":2,"minecraft:mushroom_stew":1,"minecraft:tuff":5,"minecraft:oak_log":8,"minecraft:chainmail_chestplate":1,"minecraft:wandering_trader_spawn_egg":1,"minecraft:golden_boots":1,"minecraft:gunpowder":1,"minecraft:cobblestone_stairs":1,"minecraft:dirt":29,"minecraft:white_banner":1,"minecraft:leather_boots":1,"minecraft:cooked_mutton":15,"chococraft:chocobo_feather":5,"minecraft:bone":13,"chococraft:gysahl_green":28,"minecraft:apple":2,"minecraft:stone_bricks":5,"minecraft:wheat_seeds":6,"minecraft:rabbit_hide":1,"minecraft:iron_ingot":17,"minecraft:stone_pickaxe":2,"minecraft:cooked_chicken":2,"minecraft:mossy_stone_bricks":4,"minecraft:llama_spawn_egg":1,"minecraft:rabbit":2,"minecraft:book":75,"minecraft:nether_quartz_ore":36,"minecraft:cooked_porkchop":4,"minecraft:quartz":58,"minecraft:ender_dragon_spawn_egg":1,"minecraft:poisonous_potato":28,"minecraft:spider_eye":5,"minecraft:melon":3,"chococraft:gysahl_green_seeds":21,"minecraft:white_bed":2,"minecraft:diamond_block":1,"minecraft:gold_ore":1,"minecraft:leather_helmet":2,"minecraft:polar_bear_spawn_egg":1,"minecraft:mossy_cobblestone":18,"minecraft:bundle":2,"minecraft:evoker_spawn_egg":1,"minecraft:diamond_shovel":1,"minecraft:sugar":18,"minecraft:deepslate":41,"minecraft:diamond":24,"minecraft:stone_axe":1,"chococraft:chocobo_whistle":1,"artifacts:crystal_heart":1,"minecraft:lever":1,"minecraft:diamond_axe":1,"minecraft:iron_helmet":2,"minecraft:granite":12,"minecraft:golden_apple":2,"minecraft:chainmail_helmet":1,"minecraft:golden_horse_armor":1,"minecraft:emerald":25,"minecraft:bread":4,"minecraft:baked_potato":78,"minecraft:jack_o_lantern":3,"minecraft:oak_sapling":2,"minecraft:coal":20,"minecraft:diamond_pickaxe":2},"minecraft:crafted":{"minecraft:golden_carrot":4,"minecraft:oak_planks":32,"minecraft:raw_iron":54,"minecraft:coal":18,"chococraft:chocobo_whistle":1,"minecraft:diamond":9,"minecraft:chest":3,"sophisticatedbackpacks:iron_backpack":1,"minecraft:wheat":72,"sophisticatedbackpacks:backpack":1,"minecraft:crafting_table":4,"chococraft:chocopedia":1,"sophisticatedbackpacks:gold_backpack":1,"minecraft:birch_planks":80,"minecraft:bread":24,"minecraft:white_wool":4,"sophisticatedbackpacks:diamond_backpack":1,"minecraft:stick":4,"minecraft:iron_ingot":9,"chococraft:chocobo_saddle":1,"minecraft:white_bed":1,"minecraft:torch":16},"minecraft:killed_by":{"minecraft:creeper":1,"man:managgresive":1,"minecraft:skeleton":1}},"DataVersion":3465}