{"stats":{"minecraft:mined":{"minecraft:acacia_leaves":1,"minecraft:crafting_table":4,"minecraft:grass_block":15,"iceandfire:ghost_chest":1,"iceandfire:lectern":1,"minecraft:tall_grass":5,"minecraft:sugar_cane":5,"minecraft:large_fern":1,"minecraft:hay_block":2,"minecraft:furnace":1,"minecraft:iron_ore":2,"minecraft:quartz_pillar":18,"minecraft:grass":41,"chococraft:gysahl_green":2,"minecraft:oak_log":8,"minecraft:coal_ore":43,"minecraft:vine":2,"minecraft:sunflower":1,"minecraft:sand":1,"minecraft:dirt":16,"minecraft:stone":34,"minecraft:player_head":1,"minecraft:oak_leaves":1},"minecraft:killed":{"minecraft:pig":7,"minecraft:spider":2,"minecraft:creeper":1,"minecraft:skeleton":2,"minecraft:zombie":10,"iceandfire:ghost":2,"minecraft:chicken":3,"endofherobrine:pigman":3,"minecraft:enderman":1,"minecraft:cow":3},"minecraft:dropped":{"chococraft:chocobo_feather":2,"minecraft:grass_block":1,"minecraft:stick":2,"minecraft:cobweb":5,"minecraft:dirt":3,"tombstone:grave_key":1,"tombstone:grave_dust":2,"minecraft:sunflower":1,"minecraft:chain":2,"minecraft:sandstone":1,"minecraft:wooden_pickaxe":1,"minecraft:egg":2},"minecraft:used":{"minecraft:stone_pickaxe":69,"minecraft:shield":57,"minecraft:wooden_pickaxe":30,"minecraft:chainmail_helmet":1,"minecraft:torch":6,"minecraft:dirt":22,"minecraft:sand":1,"minecraft:crafting_table":4,"justhammers:iron_hammer":15,"minecraft:wooden_axe":14,"minecraft:iron_boots":1,"minecraft:diamond_sword":139,"minecraft:cooked_porkchop":2,"minecraft:furnace":1,"minecraft:porkchop":1,"tombstone:gift":4,"minecraft:cooked_beef":10},"minecraft:custom":{"lootr:looted_stat":1,"minecraft:interact_with_furnace":4,"minecraft:mob_kills":34,"minecraft:animals_bred":1,"minecraft:interact_with_crafting_table":5,"minecraft:leave_game":1,"minecraft:time_since_death":17777,"minecraft:climb_one_cm":1022,"minecraft:time_since_rest":17221,"minecraft:sprint_one_cm":111923,"minecraft:damage_taken":1212,"minecraft:walk_one_cm":97597,"minecraft:damage_blocked_by_shield":1215,"minecraft:trigger_trapped_chest":2,"minecraft:drop":18,"minecraft:damage_dealt":5658,"minecraft:swim_one_cm":3502,"minecraft:talked_to_villager":1,"minecraft:fly_one_cm":121415,"minecraft:open_chest":5,"minecraft:deaths":1,"minecraft:crouch_one_cm":1349,"minecraft:play_time":42205,"tombstone:undead_killed":14,"minecraft:sneak_time":681,"minecraft:walk_under_water_one_cm":4648,"minecraft:jump":616,"minecraft:walk_on_water_one_cm":12960,"minecraft:total_world_time":42205,"minecraft:fall_one_cm":13673,"minecraft:horse_one_cm":722},"minecraft:broken":{"minecraft:chainmail_helmet":1},"minecraft:picked_up":{"minecraft:crafting_table":4,"minecraft:feather":6,"minecraft:chicken":3,"minecraft:leather":2,"minecraft:diamond_sword":1,"minecraft:enchanted_book":1,"minecraft:chain":2,"minecraft:oak_log":8,"tombstone:grave_key":1,"minecraft:gunpowder":1,"minecraft:shield":1,"minecraft:dirt":93,"minecraft:string":2,"chococraft:chocobo_feather":2,"minecraft:bone":6,"iceandfire:graveyard_soil":3,"minecraft:iron_ingot":3,"minecraft:beef":7,"minecraft:cobweb":5,"minecraft:player_head":1,"minecraft:sugar_cane":7,"minecraft:pitcher_pod":3,"minecraft:furnace":1,"minecraft:iron_boots":1,"minecraft:egg":2,"minecraft:stick":1,"minecraft:sandstone":1,"minecraft:raw_iron":2,"minecraft:torch":1,"minecraft:porkchop":12,"minecraft:sand":1,"minecraft:quartz_pillar":18,"tombstone:grave_dust":1,"minecraft:grass_block":2,"minecraft:arrow":5,"minecraft:rotten_flesh":14,"iceandfire:lectern":1,"minecraft:hay_block":2,"minecraft:chainmail_helmet":1,"minecraft:sunflower":1,"minecraft:coal":66,"minecraft:cobblestone":104},"minecraft:crafted":{"minecraft:cooked_beef":11,"minecraft:oak_planks":32,"minecraft:cooked_porkchop":7,"minecraft:crafting_table":1,"minecraft:wooden_pickaxe":1,"minecraft:furnace":1,"minecraft:air":0,"justhammers:iron_hammer":1,"minecraft:stick":12,"minecraft:stone_pickaxe":1,"minecraft:wooden_axe":1,"minecraft:torch":8,"minecraft:wheat":18},"minecraft:killed_by":{"iceandfire:ghost":1}},"DataVersion":3465}