{"stats":{"minecraft:crafted":{"minecraft:wooden_sword":2,"minecraft:oak_planks":281,"minecraft:crafting_table":2,"minecraft:spruce_planks":36,"minecraft:wooden_pickaxe":1,"minecraft:furnace":1,"minecraft:stone_axe":1,"minecraft:stick":12,"minecraft:stone_pickaxe":1,"minecraft:wooden_axe":1,"minecraft:stone_sword":1},"minecraft:broken":{"minecraft:stone_sword":1,"minecraft:stone_axe":1},"minecraft:killed":{"minecraft:salmon":6,"born_in_chaos_v1:zombie_clown_not_despawn":1,"minecraft:donkey":1,"minecraft:chicken":2,"endofherobrine:sheep":18,"minecraft:cow":2},"minecraft:mined":{"born_in_chaos_v1:cultivated_pumpkin":3,"minecraft:glass_pane":1,"minecraft:candle":4,"minecraft:brewing_stand":1,"minecraft:crafting_table":1,"minecraft:grass_block":11,"minecraft:poppy":1,"minecraft:tall_grass":7,"minecraft:copper_ore":9,"minecraft:kelp":1,"born_in_chaos_v1:gnawed_bones":1,"minecraft:diorite":3,"minecraft:skeleton_skull":1,"minecraft:potted_warped_fungus":1,"minecraft:large_fern":1,"minecraft:seagrass":1,"minecraft:hay_block":6,"minecraft:chain":3,"minecraft:tall_seagrass":3,"minecraft:spruce_log":5,"minecraft:grass":16,"minecraft:oak_log":72,"minecraft:coal_ore":18,"minecraft:lantern":1,"minecraft:gravel":1,"minecraft:dirt":20,"minecraft:stripped_oak_log":2,"minecraft:cobweb":2,"minecraft:spruce_wood":2,"minecraft:stone":33,"minecraft:oak_leaves":10},"minecraft:dropped":{"born_in_chaos_v1:intoxicating_decoction":3,"minecraft:kelp":1,"minecraft:candle":5,"tombstone:gift":1,"born_in_chaos_v1:cultivated_pumpkin":6,"minecraft:rotten_flesh":4,"minecraft:stripped_oak_log":4,"minecraft:diorite":3,"minecraft:wooden_sword":1,"minecraft:stone_pickaxe":1,"minecraft:wooden_pickaxe":1,"minecraft:string":2},"minecraft:picked_up":{"minecraft:stripped_oak_log":4,"minecraft:crafting_table":1,"minecraft:feather":4,"minecraft:chicken":2,"minecraft:flower_pot":1,"minecraft:salmon":3,"minecraft:leather":7,"minecraft:potion":2,"minecraft:oak_log":72,"minecraft:chain":3,"minecraft:brewing_stand":1,"minecraft:dirt":48,"minecraft:string":2,"minecraft:lantern":1,"minecraft:raw_copper":36,"born_in_chaos_v1:intoxicating_decoction":4,"minecraft:apple":1,"minecraft:kelp":1,"minecraft:candle":9,"minecraft:spruce_wood":2,"minecraft:beef":4,"minecraft:stone_pickaxe":1,"born_in_chaos_v1:gnawed_bones":1,"minecraft:warped_fungus":1,"epicfight:stone_greatsword":1,"minecraft:gravel":1,"minecraft:diorite":3,"minecraft:spruce_log":5,"minecraft:leather_helmet":1,"minecraft:rotten_flesh":8,"minecraft:hay_block":6,"born_in_chaos_v1:cultivated_pumpkin":3,"minecraft:oak_sapling":2,"minecraft:mutton":2,"minecraft:coal":18,"minecraft:skeleton_skull":1,"minecraft:cobblestone":33},"minecraft:used":{"tombstone:scroll_of_knowledge":1,"minecraft:stone_sword":120,"minecraft:stone_pickaxe":42,"minecraft:oak_planks":1,"born_in_chaos_v1:intoxicating_decoction":1,"minecraft:wooden_pickaxe":33,"tombstone:scroll_of_true_sight":1,"minecraft:rotten_flesh":1,"minecraft:dirt":19,"minecraft:mutton":2,"minecraft:crafting_table":3,"born_in_chaos_v1:supreme_measure":1,"minecraft:wooden_axe":30,"minecraft:apple":1,"minecraft:bread":2,"epicfight:stone_greatsword":4,"minecraft:stone_axe":110,"minecraft:wooden_sword":7,"minecraft:cobblestone":11,"minecraft:beef":1,"tombstone:gift":2,"minecraft:candle":3},"minecraft:killed_by":{"man:managgresive":2,"endofherobrine:cow":2,"minecraft:player":2,"minecraft:blaze":1,"minecraft:zombie":1,"minecraft:enderman":1,"themutantmobsmod:mutantstray":4,"endofherobrine:pigman":1,"born_in_chaos_v1:corpse_fly":1,"endofherobrine:sheep":2},"minecraft:custom":{"lootr:looted_stat":6,"minecraft:mob_kills":31,"minecraft:interact_with_crafting_table":6,"minecraft:damage_dealt_resisted":15,"minecraft:leave_game":2,"minecraft:time_since_death":0,"minecraft:climb_one_cm":1283,"minecraft:time_since_rest":75,"minecraft:sprint_one_cm":276479,"minecraft:damage_taken":5434,"minecraft:walk_one_cm":299138,"tombstone:sneak_grave":1,"minecraft:drop":27,"minecraft:damage_dealt":3398,"minecraft:damage_dealt_absorbed":20480,"minecraft:swim_one_cm":6257,"minecraft:player_kills":1,"minecraft:fly_one_cm":281134,"minecraft:crouch_one_cm":9425,"minecraft:play_time":62302,"tombstone:undead_killed":1,"minecraft:deaths":18,"minecraft:sneak_time":1699,"minecraft:walk_under_water_one_cm":16901,"minecraft:jump":1170,"minecraft:walk_on_water_one_cm":13619,"minecraft:total_world_time":62302,"minecraft:fall_one_cm":31985}},"DataVersion":3465}