{"stats":{"minecraft:mined":{"minecraft:spruce_planks":1,"minecraft:white_bed":3,"minecraft:jungle_leaves":1,"minecraft:red_nether_bricks":1,"minecraft:granite":1,"minecraft:grass_block":33,"minecraft:jungle_log":12,"minecraft:spawner":32,"minecraft:tall_seagrass":1,"minecraft:glowstone":1,"minecraft:nether_brick_stairs":6,"chococraft:gysahl_green":23,"minecraft:dirt_path":6,"minecraft:oak_stairs":1,"minecraft:quartz_slab":42,"minecraft:iron_bars":27,"minecraft:quartz_block":31,"minecraft:red_bed":1,"minecraft:kelp_plant":1,"minecraft:torch":9,"minecraft:calcite":1,"minecraft:melon":7,"minecraft:glass":1,"minecraft:sugar_cane":2,"minecraft:oak_planks":5,"minecraft:iron_door":1,"minecraft:wall_torch":11,"minecraft:cyan_wool":1,"minecraft:birch_log":48,"minecraft:jukebox":1,"minecraft:tnt":2,"minecraft:grass":60,"minecraft:infested_mossy_stone_bricks":1,"minecraft:oak_log":7,"minecraft:sand":106,"minecraft:dirt":816,"minecraft:netherrack":1,"minecraft:oak_leaves":4,"minecraft:light_gray_stained_glass_pane":2,"minecraft:mossy_cobblestone":4,"minecraft:ladder":1,"minecraft:nether_bricks":8,"minecraft:andesite":35,"minecraft:bookshelf":2,"minecraft:vine":10,"minecraft:bamboo":2,"lucky:lucky_block":4,"minecraft:stone":150,"minecraft:bone_block":1,"minecraft:acacia_leaves":2,"minecraft:oak_fence":3,"minecraft:crafting_table":5,"minecraft:tall_grass":3,"minecraft:spruce_stairs":1,"minecraft:birch_planks":4,"minecraft:birch_leaves":15,"minecraft:quartz_pillar":45,"minecraft:coal_ore":1,"minecraft:stone_bricks":2,"minecraft:mossy_stone_bricks":4,"minecraft:fern":3},"minecraft:killed":{"minecraft:cave_spider":2,"minecraft:skeleton":12,"minecraft:chicken":1,"minecraft:silverfish":5,"minecraft:turtle":1,"minecraft:pig":3,"minecraft:zombie_villager":1,"minecraft:salmon":3,"minecraft:creeper":4,"minecraft:sheep":2,"minecraft:zombie":10,"minecraft:stray":6,"minecraft:cow":3,"chococraft:chocobo":1,"endofherobrine:sheep":4,"minecraft:wither_skeleton":1},"minecraft:used":{"minecraft:ladder":7,"minecraft:iron_sword":25,"minecraft:rotten_flesh":1,"minecraft:iron_chestplate":2,"tombstone:scroll_of_preservation":1,"minecraft:mutton":2,"minecraft:jungle_planks":33,"minecraft:deepslate_brick_slab":1,"minecraft:glass":22,"minecraft:quartz_pillar":29,"minecraft:quartz_slab":21,"minecraft:quartz_block":30,"minecraft:iron_helmet":3,"minecraft:stone_bricks":1,"minecraft:magma_block":1,"minecraft:bow":19,"minecraft:furnace":1,"minecraft:potato":4,"minecraft:stone_pickaxe":52,"minecraft:oak_planks":3,"minecraft:ender_pearl":8,"minecraft:chainmail_helmet":3,"tombstone:tablet_of_guard":1,"minecraft:diamond_axe":67,"minecraft:golden_apple":27,"minecraft:sand":3,"minecraft:deepslate_brick_stairs":3,"minecraft:firework_rocket":1,"minecraft:melon_slice":2,"tombstone:grave_key":1,"minecraft:golden_helmet":1,"minecraft:diamond_sword":455,"minecraft:wooden_sword":121,"minecraft:oak_boat":1,"minecraft:bone_meal":42,"minecraft:golden_pickaxe":32,"minecraft:iron_bars":2,"minecraft:stone_sword":49,"minecraft:flint_and_steel":9,"minecraft:stone_shovel":5,"minecraft:spruce_planks":1,"minecraft:cooked_chicken":3,"minecraft:netherrack":1,"minecraft:torch":96,"minecraft:dirt":107,"justhammers:gold_hammer":105,"minecraft:wooden_axe":61,"minecraft:jungle_log":1,"minecraft:golden_carrot":31,"tombstone:gift":5,"minecraft:calcite":3,"minecraft:cooked_mutton":4,"minecraft:birch_planks":124,"minecraft:baked_potato":3,"minecraft:cracked_stone_bricks":1,"minecraft:salmon":1,"minecraft:mossy_cobblestone":4,"minecraft:tnt":4,"minecraft:crafting_table":7,"minecraft:white_bed":3,"minecraft:diamond_pickaxe":70,"minecraft:apple":6,"minecraft:diamond_shovel":927,"chococraft:gysahl_green_seeds":6,"minecraft:chicken":1,"minecraft:iron_pickaxe":270,"tombstone:magic_scroll":1,"minecraft:cobblestone":5,"minecraft:potion":2,"minecraft:porkchop":2},"minecraft:custom":{"lootr:looted_stat":125,"minecraft:animals_bred":1,"minecraft:interact_with_crafting_table":26,"minecraft:eat_cake_slice":7,"minecraft:leave_game":5,"minecraft:time_since_death":36535,"minecraft:sprint_one_cm":980464,"minecraft:drop":169,"minecraft:talked_to_villager":4,"minecraft:play_time":276633,"minecraft:deaths":14,"minecraft:jump":3350,"minecraft:walk_on_water_one_cm":68609,"minecraft:interact_with_furnace":5,"minecraft:sleep_in_bed":2,"minecraft:damage_dealt":11277,"minecraft:crouch_one_cm":3324,"tombstone:undead_killed":30,"minecraft:mob_kills":65,"minecraft:climb_one_cm":36231,"minecraft:walk_one_cm":916671,"minecraft:sneak_time":1307,"minecraft:walk_under_water_one_cm":107813,"minecraft:boat_one_cm":65565,"minecraft:interact_with_lectern":1,"minecraft:total_world_time":276633,"minecraft:time_since_rest":35589,"minecraft:damage_taken":9334,"minecraft:damage_absorbed":1014,"tombstone:cast_on_ally":2,"minecraft:swim_one_cm":81471,"minecraft:fly_one_cm":419818,"minecraft:open_chest":15,"minecraft:fall_one_cm":68099},"minecraft:dropped":{"minecraft:nether_brick_stairs":1,"minecraft:birch_planks":38,"minecraft:glass_bottle":1,"minecraft:pitcher_pod":3,"minecraft:mossy_stone_brick_stairs":1,"minecraft:cracked_stone_bricks":16,"minecraft:flint":2,"minecraft:item_frame":1,"sophisticatedbackpacks:gold_backpack":1,"minecraft:dirt":243,"minecraft:red_bed":1,"minecraft:dark_oak_fence":48,"minecraft:bone_meal":64,"minecraft:birch_log":9,"minecraft:gold_ingot":74,"minecraft:sugar_cane":5,"minecraft:detector_rail":8,"minecraft:birch_sapling":5,"tombstone:gift":1,"minecraft:deepslate_brick_slab":11,"minecraft:rotten_flesh":8,"minecraft:oak_planks":1,"minecraft:glowstone_dust":4,"minecraft:carrot":15,"minecraft:chainmail_chestplate":2,"minecraft:rabbit_hide":2,"minecraft:gunpowder":6,"minecraft:beetroot_seeds":1,"minecraft:charcoal":16,"minecraft:quartz_block":4,"minecraft:melon_seeds":6,"minecraft:azalea":1,"minecraft:ladder":4,"minecraft:chainmail_boots":1,"minecraft:iron_bars":27,"minecraft:golden_boots":1,"minecraft:clock":1,"minecraft:golden_helmet":1,"chococraft:gold_gysahl":1,"minecraft:mossy_cobblestone":10,"minecraft:oak_fence":2,"chococraft:gysahl_green_seeds":16,"minecraft:activator_rail":3,"minecraft:chainmail_helmet":2,"minecraft:golden_apple":1,"minecraft:stick":3,"chococraft:chocobo_whistle":1,"minecraft:diamond_horse_armor":1,"minecraft:deepslate_brick_stairs":4,"minecraft:golden_carrot":3,"tombstone:magic_scroll":3,"minecraft:wooden_axe":2,"minecraft:melon_slice":12,"tombstone:grave_dust":7,"minecraft:potion":2,"minecraft:oak_stairs":3,"minecraft:iron_axe":1,"minecraft:polished_basalt":18,"minecraft:stone_sword":1,"minecraft:cocoa_beans":10,"minecraft:stone_shovel":1,"minecraft:iron_boots":2,"minecraft:name_tag":1,"justhammers:gold_hammer":2,"minecraft:nether_bricks":5,"minecraft:oak_sign":3,"minecraft:pumpkin_seeds":6,"minecraft:diamond_sword":3,"minecraft:potato":5,"minecraft:cyan_wool":2,"minecraft:shield":1,"minecraft:spruce_planks":1,"minecraft:iron_chestplate":1,"minecraft:mossy_stone_bricks":16,"minecraft:golden_leggings":1,"minecraft:stone_pressure_plate":4,"minecraft:stone_bricks":70,"minecraft:spruce_log":6,"minecraft:stone_pickaxe":3,"minecraft:wooden_pickaxe":2,"chococraft:gysahl_green":19,"minecraft:quartz_slab":21},"minecraft:broken":{"minecraft:leather_leggings":1,"minecraft:wooden_sword":1,"minecraft:wooden_axe":1,"minecraft:iron_helmet":1,"minecraft:golden_pickaxe":1},"minecraft:crafted":{"minecraft:oak_planks":24,"chococraft:chocobo_whistle":1,"minecraft:glass":44,"minecraft:bow":1,"tombstone:grave_key":1,"sophisticatedbackpacks:backpack":1,"minecraft:diamond_axe":1,"minecraft:crafting_table":2,"minecraft:wooden_pickaxe":1,"minecraft:golden_pickaxe":1,"justhammers:gold_hammer":3,"minecraft:birch_planks":188,"minecraft:stick":80,"minecraft:wooden_sword":2,"minecraft:furnace":1,"minecraft:bone_meal":126,"minecraft:flint_and_steel":1,"minecraft:leather":1,"minecraft:ladder":18,"sophisticatedbackpacks:iron_backpack":1,"sophisticatedbackpacks:gold_backpack":1,"minecraft:jungle_planks":44,"minecraft:oak_boat":1,"minecraft:wooden_axe":2},"minecraft:picked_up":{"minecraft:wooden_axe":1,"chococraft:loverly_gysahl_green":6,"minecraft:iron_chestplate":1,"minecraft:chainmail_boots":1,"minecraft:diamond_sword":3,"minecraft:oak_stairs":3,"minecraft:enchanted_book":1,"minecraft:string":3,"minecraft:red_nether_bricks":1,"minecraft:iron_leggings":3,"minecraft:experience_bottle":1,"minecraft:oak_sign":3,"minecraft:activator_rail":3,"minecraft:diamond_leggings":1,"minecraft:spruce_planks":2,"minecraft:calcite":7,"minecraft:azalea":2,"minecraft:melon_slice":26,"minecraft:iron_boots":4,"minecraft:tipped_arrow":3,"minecraft:golden_helmet":1,"minecraft:stick":8,"minecraft:oak_fence":2,"minecraft:torch":41,"minecraft:porkchop":5,"tombstone:grave_dust":10,"minecraft:diorite":1,"minecraft:golden_chestplate":1,"minecraft:quartz_block":39,"minecraft:stone_sword":2,"minecraft:rotten_flesh":34,"minecraft:polished_basalt":9,"chococraft:chocobo_drumstick_raw":1,"minecraft:deepslate_brick_stairs":5,"minecraft:iron_bars":34,"minecraft:cobblestone":188,"minecraft:birch_log":65,"minecraft:magma_block":5,"minecraft:iron_door":2,"minecraft:andesite":52,"minecraft:jungle_log":12,"minecraft:golden_leggings":2,"minecraft:potato":5,"minecraft:flint":5,"minecraft:dirt":844,"minecraft:name_tag":2,"minecraft:bone":28,"minecraft:bow":4,"minecraft:wheat_seeds":11,"minecraft:deepslate_brick_slab":10,"minecraft:glowstone_dust":8,"minecraft:mossy_stone_bricks":17,"minecraft:bamboo":15,"minecraft:pitcher_pod":3,"minecraft:stone_hoe":2,"minecraft:oak_planks":5,"minecraft:mossy_stone_brick_stairs":2,"minecraft:sand":93,"minecraft:nether_brick_stairs":3,"minecraft:mossy_cobblestone":27,"minecraft:bundle":1,"tombstone:familiar_stone":1,"minecraft:golden_apple":2,"minecraft:chainmail_helmet":3,"minecraft:netherrack":1,"minecraft:dark_oak_fence":60,"minecraft:charcoal":20,"sophisticatedbackpacks:gold_backpack":1,"minecraft:cocoa_beans":10,"minecraft:crafting_table":5,"iceandfire:witherbone":2,"minecraft:chicken":1,"minecraft:ladder":5,"minecraft:leather_leggings":1,"minecraft:wooden_pickaxe":1,"minecraft:cooked_rabbit":2,"minecraft:shield":1,"minecraft:red_bed":2,"minecraft:iron_axe":1,"minecraft:item_frame":1,"minecraft:quartz_slab":63,"minecraft:cracked_stone_bricks":25,"minecraft:detector_rail":8,"minecraft:beef":8,"minecraft:cyan_wool":4,"minecraft:lectern":1,"minecraft:sugar_cane":5,"minecraft:chest":1,"minecraft:birch_sapling":5,"minecraft:stone":108,"minecraft:quartz_pillar":45,"minecraft:stone_pressure_plate":6,"minecraft:tnt":3,"minecraft:arrow":33,"minecraft:stone_shovel":1,"minecraft:beetroot_seeds":5,"minecraft:nether_bricks":12,"minecraft:diamond_boots":1,"minecraft:gold_ingot":125,"minecraft:mutton":3,"minecraft:bone_block":1,"minecraft:salmon":1,"minecraft:leather":6,"minecraft:birch_planks":4,"spelunkers_charm:old_miners_bundle":1,"minecraft:oak_log":6,"minecraft:chainmail_chestplate":2,"minecraft:golden_boots":2,"minecraft:gunpowder":8,"tombstone:gift":1,"minecraft:cooked_mutton":3,"chococraft:chocobo_feather":2,"chococraft:gysahl_green":60,"minecraft:apple":1,"minecraft:stone_bricks":13,"chococraft:gold_gysahl":2,"minecraft:rabbit_hide":6,"minecraft:iron_ingot":13,"minecraft:stone_pickaxe":2,"tombstone:bag_of_seeds":1,"minecraft:glass_bottle":1,"minecraft:book":21,"chococraft:gysahl_green_seeds":40,"minecraft:spruce_log":15,"minecraft:white_bed":3,"minecraft:spider_eye":1,"minecraft:firework_rocket":1,"minecraft:pumpkin_seeds":6,"minecraft:stone_axe":2,"chococraft:chocobo_whistle":1,"minecraft:chainmail_leggings":1,"minecraft:iron_helmet":1,"minecraft:baked_potato":3,"minecraft:melon_seeds":6,"minecraft:coal":24,"minecraft:ender_pearl":1},"minecraft:killed_by":{"endofherobrine:cow":1,"minecraft:creeper":1,"minecraft:zombie":2,"minecraft:player":3,"minecraft:spider":1,"iceandfire:amphithere":1,"cave_dweller:cave_dweller":1}},"DataVersion":3465}