{"stats":{"minecraft:crafted":{"minecraft:wooden_sword":1,"minecraft:oak_planks":200,"minecraft:iron_nugget":9,"minecraft:furnace":1,"minecraft:cooked_mutton":12,"simplyswords:iron_greataxe":1,"minecraft:iron_axe":1,"minecraft:stone_pickaxe":1,"minecraft:chest":1,"minecraft:cooked_beef":10,"sophisticatedbackpacks:backpack":1,"minecraft:cooked_porkchop":2,"minecraft:crafting_table":4,"minecraft:spruce_planks":80,"minecraft:wooden_pickaxe":1,"minecraft:iron_sword":1,"minecraft:air":0,"minecraft:stick":52,"minecraft:iron_ingot":23,"minecraft:iron_pickaxe":2,"minecraft:wooden_axe":3,"minecraft:stone_sword":1,"minecraft:torch":48},"minecraft:broken":{"minecraft:stone_sword":1,"minecraft:wooden_axe":2},"minecraft:killed":{"born_in_chaos_v1:mr_pumpkin":4,"born_in_chaos_v1:zombie_lumberjack":1,"minecraft:spider":3,"minecraft:zombie_horse":2,"born_in_chaos_v1:maggot":2,"minecraft:horse":4,"minecraft:chicken":1,"minecraft:turtle":1,"artifacts:mimic":1,"minecraft:pig":11,"born_in_chaos_v1:diamond_termite":1,"born_in_chaos_v1:decrepit_skeleton":1,"minecraft:sheep":9,"minecraft:zombie":2,"born_in_chaos_v1:corpse_fly":1,"endofherobrine:sheep":12,"endofherobrine:pigman":1,"minecraft:cow":6},"minecraft:mined":{"born_in_chaos_v1:cultivated_pumpkin":1,"minecraft:deepslate_diamond_ore":3,"minecraft:candle":1,"minecraft:cobblestone_stairs":4,"born_in_chaos_v1:infected_diamond_ore":2,"minecraft:granite":1,"minecraft:grass_block":20,"minecraft:spruce_leaves":5,"minecraft:kelp":3,"minecraft:large_fern":2,"minecraft:furnace":2,"minecraft:iron_ore":6,"minecraft:cobbled_deepslate":2,"minecraft:pumpkin":10,"minecraft:deepslate_iron_ore":6,"minecraft:dirt_path":4,"minecraft:stone":48,"minecraft:kelp_plant":5,"minecraft:crafting_table":4,"born_in_chaos_v1:infected_deepslate_diamond_ore":2,"minecraft:torch":3,"minecraft:blast_furnace":2,"minecraft:campfire":1,"minecraft:tall_grass":8,"minecraft:cobblestone":10,"minecraft:deepslate_gold_ore":5,"minecraft:oak_planks":12,"minecraft:sugar_cane":4,"minecraft:diorite":2,"minecraft:wall_torch":10,"minecraft:seagrass":4,"minecraft:purple_bed":1,"minecraft:birch_log":11,"minecraft:sweet_berry_bush":1,"minecraft:wheat":1,"minecraft:spruce_log":10,"minecraft:birch_leaves":1,"minecraft:grass":44,"minecraft:coal_ore":12,"minecraft:oak_log":100,"minecraft:dirt":5,"minecraft:sand":15,"minecraft:gravel":7,"born_in_chaos_v1:infernal_evil_pumpkin_s":1,"minecraft:oak_leaves":17,"minecraft:deepslate":21},"minecraft:dropped":{"minecraft:spruce_sign":1,"minecraft:iron_sword":1,"minecraft:wheat_seeds":2,"minecraft:feather":2,"man:cassette_1safetyinstructions":2,"minecraft:apple":1,"minecraft:stick":1,"minecraft:diorite":1,"minecraft:large_fern":1,"tombstone:grave_dust":2,"minecraft:string":2,"minecraft:spruce_sapling":7,"farmersdelight:cabbage_seeds":3,"minecraft:fern":2,"minecraft:pumpkin_seeds":4,"sophisticatedbackpacks:diamond_backpack":2,"minecraft:iron_chestplate":1,"minecraft:wooden_pickaxe":1},"minecraft:picked_up":{"minecraft:charcoal":2,"minecraft:wheat":1,"minecraft:crafting_table":4,"born_in_chaos_v1:diamond_termite_shard":1,"minecraft:chicken":1,"minecraft:wooden_pickaxe":1,"minecraft:string":8,"born_in_chaos_v1:intoxicating_decoction":1,"minecraft:candle":4,"minecraft:cobbled_deepslate":25,"minecraft:beef":13,"minecraft:light_gray_wool":1,"minecraft:sugar_cane":11,"minecraft:furnace":2,"minecraft:stick":4,"minecraft:raw_iron":15,"minecraft:torch":13,"epicfight:skillbook":1,"minecraft:porkchop":23,"minecraft:diorite":3,"minecraft:rotten_flesh":14,"minecraft:mutton":17,"minecraft:white_wool":8,"minecraft:cobblestone":63,"minecraft:birch_log":11,"born_in_chaos_v1:corpse_maggot":2,"minecraft:feather":4,"minecraft:leather":11,"minecraft:flint":2,"minecraft:oak_log":101,"minecraft:cobblestone_stairs":4,"minecraft:lapis_lazuli":9,"minecraft:dirt":26,"tombstone:gift":1,"man:cassette_1safetyinstructions":1,"minecraft:bone":3,"minecraft:apple":2,"minecraft:kelp":5,"minecraft:bow":1,"minecraft:wheat_seeds":9,"minecraft:raw_gold":5,"minecraft:iron_ingot":1,"minecraft:oak_planks":12,"minecraft:iron_sword":1,"sophisticatedbackpacks:diamond_backpack":2,"minecraft:pumpkin":10,"minecraft:sweet_berries":2,"minecraft:gravel":11,"minecraft:sand":15,"minecraft:spruce_sapling":2,"minecraft:blast_furnace":2,"minecraft:spruce_log":11,"minecraft:dark_oak_log":2,"minecraft:bundle":1,"minecraft:purple_bed":1,"minecraft:diamond":3,"minecraft:oak_sapling":4,"minecraft:coal":18},"minecraft:used":{"minecraft:stone_sword":151,"minecraft:spruce_planks":11,"minecraft:iron_sword":7,"minecraft:iron_chestplate":1,"minecraft:torch":22,"minecraft:dirt":23,"minecraft:wooden_axe":94,"minecraft:iron_axe":118,"minecraft:iron_helmet":1,"minecraft:furnace":2,"tombstone:gift":3,"minecraft:cooked_beef":10,"minecraft:cobbled_deepslate":16,"minecraft:wheat_seeds":1,"minecraft:cooked_mutton":12,"epicfight:skillbook":1,"simplyswords:brimstone_claymore":4,"minecraft:stone_pickaxe":44,"minecraft:oak_planks":145,"minecraft:wooden_pickaxe":57,"minecraft:crafting_table":7,"simplyswords:iron_greataxe":34,"minecraft:blast_furnace":1,"minecraft:oak_log":42,"minecraft:iron_pickaxe":48,"minecraft:wooden_sword":1,"minecraft:cobblestone":3,"minecraft:purple_bed":1,"minecraft:cooked_porkchop":2,"minecraft:kelp":2},"minecraft:killed_by":{"minecraft:player":1,"themutantmobsmod:mutantstray":2,"born_in_chaos_v1:sir_pumpkinhead_without_horse":1,"born_in_chaos_v1:pumpkinhead":1},"minecraft:custom":{"lootr:looted_stat":20,"minecraft:mob_kills":64,"minecraft:interact_with_crafting_table":32,"minecraft:damage_dealt_resisted":344,"minecraft:leave_game":2,"minecraft:time_since_death":57635,"minecraft:climb_one_cm":3737,"minecraft:sprint_one_cm":578511,"minecraft:walk_one_cm":709325,"minecraft:drop":25,"minecraft:play_time":117839,"minecraft:deaths":5,"minecraft:sneak_time":5989,"minecraft:walk_under_water_one_cm":11429,"minecraft:jump":2015,"minecraft:interact_with_blast_furnace":6,"minecraft:walk_on_water_one_cm":21255,"minecraft:total_world_time":117839,"minecraft:interact_with_furnace":18,"minecraft:interact_with_loom":1,"minecraft:sleep_in_bed":3,"minecraft:time_since_rest":1274,"minecraft:damage_taken":2872,"minecraft:damage_dealt":9350,"minecraft:swim_one_cm":11156,"minecraft:player_kills":1,"minecraft:fly_one_cm":898833,"minecraft:open_chest":2,"minecraft:crouch_one_cm":36255,"tombstone:undead_killed":6,"minecraft:fall_one_cm":45107}},"DataVersion":3465}