{"stats":{"minecraft:custom":{"lootr:looted_stat":68,"minecraft:mob_kills":89,"minecraft:interact_with_crafting_table":10,"minecraft:leave_game":2,"minecraft:time_since_death":8511,"minecraft:climb_one_cm":9429,"minecraft:sprint_one_cm":460249,"minecraft:walk_one_cm":309379,"minecraft:damage_blocked_by_shield":970,"minecraft:drop":140,"minecraft:talked_to_villager":1,"minecraft:play_time":101751,"minecraft:sneak_time":2744,"minecraft:deaths":7,"minecraft:walk_under_water_one_cm":6871,"minecraft:jump":1350,"minecraft:walk_on_water_one_cm":15470,"minecraft:total_world_time":101751,"minecraft:interact_with_furnace":2,"minecraft:sleep_in_bed":3,"minecraft:time_since_rest":7398,"minecraft:damage_taken":3441,"minecraft:trigger_trapped_chest":2,"minecraft:damage_dealt":12761,"minecraft:swim_one_cm":14597,"minecraft:player_kills":2,"minecraft:fly_one_cm":165400,"minecraft:crouch_one_cm":6617,"tombstone:undead_killed":18,"minecraft:fall_one_cm":32042},"minecraft:killed":{"minecraft:cave_spider":3,"minecraft:spider":9,"minecraft:horse":4,"minecraft:skeleton":7,"minecraft:chicken":6,"minecraft:skeleton_horse":5,"minecraft:magma_cube":1,"minecraft:pig":5,"minecraft:sheep":5,"minecraft:zombie":2,"minecraft:stray":2,"tombstone:spectral_wolf":1,"endofherobrine:sheep":19,"minecraft:wither_skeleton":1,"minecraft:cow":4},"minecraft:broken":{"minecraft:golden_axe":1},"minecraft:killed_by":{"iceandfire:cyclops":1,"minecraft:creeper":1,"minecraft:skeleton":2,"minecraft:zombie":2},"minecraft:dropped":{"minecraft:iron_ingot":10,"minecraft:iron_sword":1,"minecraft:wheat_seeds":257,"minecraft:lapis_lazuli":4,"minecraft:golden_helmet":1,"minecraft:mossy_cobblestone":1,"minecraft:diamond":4,"minecraft:poisonous_potato":14,"minecraft:iron_helmet":3,"minecraft:cobblestone":35,"minecraft:leather":1,"chococraft:gysahl_green_seeds":36,"minecraft:granite":4,"minecraft:quartz_pillar":2,"minecraft:chainmail_helmet":6,"minecraft:rail":32,"minecraft:yellow_carpet":4,"minecraft:item_frame":1,"minecraft:stick":4,"minecraft:emerald":7,"minecraft:oxeye_daisy":1,"minecraft:dirt":8,"tombstone:grave_dust":4,"minecraft:iron_leggings":1,"minecraft:gold_nugget":1,"minecraft:sand":1,"minecraft:redstone":7,"minecraft:dandelion":1,"minecraft:gold_ingot":8,"minecraft:iron_nugget":11,"minecraft:detector_rail":8,"minecraft:cocoa_beans":4,"minecraft:bowl":3,"minecraft:birch_sapling":2,"minecraft:raw_iron":4,"minecraft:rotten_flesh":25,"minecraft:iron_boots":2,"minecraft:chainmail_chestplate":3,"minecraft:diamond_sword":1,"minecraft:leather_chestplate":1,"minecraft:potato":15,"minecraft:skeleton_skull":1,"minecraft:iron_chestplate":1,"minecraft:diamond_pickaxe":2,"minecraft:andesite":1,"minecraft:beetroot_seeds":8,"spelunkers_charm:rock":2,"minecraft:leather_boots":1,"minecraft:chainmail_boots":1,"minecraft:leather_leggings":2,"minecraft:stone_bricks":51,"minecraft:diamond_boots":1,"minecraft:iron_bars":15,"minecraft:arrow":7,"minecraft:powered_rail":1,"minecraft:stone_pickaxe":1},"minecraft:used":{"minecraft:jack_o_lantern":1,"minecraft:shield":22,"minecraft:iron_sword":162,"minecraft:torch":48,"minecraft:nether_bricks":3,"minecraft:wooden_axe":32,"minecraft:quartz_pillar":1,"minecraft:quartz_block":3,"minecraft:rabbit_stew":3,"minecraft:golden_carrot":5,"minecraft:skeleton_skull":1,"minecraft:cooked_beef":8,"minecraft:potato":1,"minecraft:golden_axe":32,"minecraft:cooked_mutton":3,"minecraft:ender_pearl":1,"minecraft:chainmail_helmet":1,"simplyswords:diamond_halberd":6,"minecraft:crafting_table":3,"minecraft:diamond_pickaxe":397,"tombstone:magic_scroll":1,"minecraft:diamond_sword":122,"minecraft:cobblestone":70,"chococraft:gysahl_green":19},"minecraft:mined":{"minecraft:stone_pressure_plate":1,"minecraft:white_bed":1,"minecraft:mossy_cobblestone":8,"minecraft:jungle_leaves":3,"minecraft:jack_o_lantern":2,"minecraft:nether_bricks":3,"minecraft:grass_block":2,"minecraft:coal_block":9,"minecraft:frosted_ice":1,"minecraft:spawner":10,"minecraft:furnace":4,"minecraft:carrots":17,"minecraft:mossy_cobblestone_stairs":2,"minecraft:iron_ore":47,"minecraft:fire":1,"minecraft:gold_block":3,"minecraft:bell":1,"minecraft:skeleton_wall_skull":1,"minecraft:mossy_stone_brick_stairs":1,"chococraft:gysahl_green":22,"minecraft:potatoes":4,"iceandfire:gold_pile":3,"minecraft:vine":18,"minecraft:iron_bars":6,"minecraft:quartz_slab":3,"lucky:lucky_block":2,"minecraft:bamboo":1,"minecraft:stone":51,"minecraft:bone_block":8,"minecraft:smithing_table":1,"minecraft:scaffolding":3,"minecraft:redstone_block":1,"minecraft:quartz_block":7,"minecraft:crafting_table":2,"minecraft:torch":6,"minecraft:emerald_ore":2,"minecraft:melon":3,"spelunkers_charm:rock_pile_2":1,"endofherobrine:glowing_obsidian":1,"minecraft:cobblestone":19,"minecraft:wall_torch":2,"minecraft:skeleton_skull":1,"minecraft:birch_log":19,"minecraft:wheat":61,"minecraft:white_carpet":6,"minecraft:birch_leaves":1,"minecraft:quartz_pillar":1,"minecraft:grass":19,"minecraft:coal_ore":57,"minecraft:oak_log":36,"minecraft:beetroots":2,"minecraft:cocoa":2,"minecraft:sand":1,"minecraft:dirt":1,"minecraft:cracked_stone_bricks":2,"minecraft:stone_bricks":1,"minecraft:mossy_stone_bricks":9,"minecraft:oak_leaves":13},"minecraft:crafted":{"minecraft:oak_planks":24,"minecraft:iron_boots":1,"minecraft:chest":1,"sophisticatedbackpacks:iron_backpack":1,"minecraft:golden_axe":1,"sophisticatedbackpacks:backpack":1,"minecraft:crafting_table":1,"minecraft:iron_sword":1,"sophisticatedbackpacks:gold_backpack":1,"minecraft:diamond_pickaxe":1,"minecraft:stick":8,"minecraft:wooden_axe":1},"minecraft:picked_up":{"minecraft:purple_wool":1,"minecraft:iron_chestplate":1,"minecraft:cocoa_beans":4,"chococraft:loverly_gysahl_green":5,"minecraft:crafting_table":3,"minecraft:wheat":47,"iceandfire:witherbone":1,"minecraft:redstone_block":1,"minecraft:chainmail_boots":1,"minecraft:chicken":5,"minecraft:rabbit_stew":3,"minecraft:leather_leggings":2,"minecraft:smithing_table":1,"minecraft:diamond_sword":1,"minecraft:potion":1,"minecraft:gold_block":3,"minecraft:enchanted_book":1,"minecraft:string":8,"minecraft:iron_leggings":1,"minecraft:item_frame":1,"minecraft:armor_stand":3,"minecraft:white_carpet":6,"minecraft:cracked_stone_bricks":1,"minecraft:gold_nugget":19,"minecraft:detector_rail":8,"minecraft:beef":7,"minecraft:melon_slice":15,"minecraft:coal_block":9,"minecraft:birch_sapling":7,"minecraft:furnace":4,"minecraft:tipped_arrow":3,"minecraft:golden_helmet":1,"minecraft:stick":3,"minecraft:raw_iron":52,"minecraft:torch":19,"minecraft:bowl":1,"minecraft:porkchop":10,"minecraft:quartz_pillar":3,"tombstone:grave_dust":7,"minecraft:carrot":14,"minecraft:redstone":14,"minecraft:stone_pressure_plate":4,"minecraft:quartz_block":10,"minecraft:arrow":28,"minecraft:rotten_flesh":26,"minecraft:beetroot_seeds":12,"minecraft:nether_bricks":3,"minecraft:diamond_boots":1,"minecraft:bone_block":7,"minecraft:rail":40,"minecraft:glow_berries":3,"minecraft:mutton":3,"minecraft:iron_bars":20,"minecraft:skeleton_skull":2,"minecraft:white_wool":3,"minecraft:cobblestone":117,"minecraft:oxeye_daisy":1,"minecraft:birch_log":20,"minecraft:leather_chestplate":2,"minecraft:feather":2,"minecraft:andesite":2,"minecraft:leather":10,"minecraft:golden_leggings":1,"minecraft:potato":51,"spelunkers_charm:old_miners_bundle":2,"minecraft:oak_log":37,"minecraft:chainmail_chestplate":3,"minecraft:dirt":8,"minecraft:lantern":1,"man:cassette_1safetyinstructions":1,"minecraft:name_tag":2,"minecraft:cooked_mutton":4,"minecraft:leather_boots":1,"minecraft:bone":13,"chococraft:gysahl_green":50,"chococraft:gold_gysahl":1,"minecraft:bow":1,"minecraft:wheat_seeds":287,"minecraft:bell":1,"minecraft:stone_pickaxe":2,"minecraft:mossy_stone_bricks":11,"minecraft:bamboo":11,"minecraft:powered_rail":2,"minecraft:iron_sword":1,"minecraft:mossy_stone_brick_stairs":4,"minecraft:scaffolding":12,"minecraft:pumpkin":9,"minecraft:dandelion":2,"minecraft:poisonous_potato":28,"minecraft:sand":1,"chococraft:gysahl_green_seeds":36,"minecraft:white_bed":1,"minecraft:mossy_cobblestone":6,"tombstone:scroll_of_mercy":1,"minecraft:bundle":1,"minecraft:diamond_shovel":1,"minecraft:yellow_carpet":4,"minecraft:light_blue_carpet":1,"minecraft:granite":4,"minecraft:mossy_cobblestone_stairs":1,"minecraft:emerald":2,"minecraft:chainmail_helmet":5,"minecraft:bread":3,"tombstone:magic_scroll":2,"minecraft:jack_o_lantern":3,"spelunkers_charm:rock":2,"minecraft:coal":78,"minecraft:diamond_pickaxe":2}},"DataVersion":3465}